   150.00000,    819.20000
   151.00000,    819.37479
   152.00000,    819.54808
   153.00000,    819.71986
   154.00000,    819.89015
   155.00000,    820.05894
   156.00000,    820.22623
   157.00000,    820.39202
   158.00000,    820.55633
   159.00000,    820.71914
   160.00000,    820.88045
   161.00000,    821.04028
   162.00000,    821.19862
   163.00000,    821.35548
   164.00000,    821.51085
   165.00000,    821.66474
   166.00000,    821.81715
   167.00000,    821.96807
   168.00000,    822.11752
   169.00000,    822.26549
   170.00000,    822.41199
   171.00000,    822.55701
   172.00000,    822.70056
   173.00000,    822.84264
   174.00000,    822.98325
   175.00000,    823.12240
   176.00000,    823.26008
   177.00000,    823.39629
   178.00000,    823.53104
   179.00000,    823.66433
   180.00000,    823.79616
   181.00000,    823.92653
   182.00000,    824.05544
   183.00000,    824.18290
   184.00000,    824.30891
   185.00000,    824.43346
   186.00000,    824.55656
   187.00000,    824.67822
   188.00000,    824.79842
   189.00000,    824.91718
   190.00000,    825.03450
   191.00000,    825.15037
   192.00000,    825.26481
   193.00000,    825.37780
   194.00000,    825.48935
   195.00000,    825.59947
   196.00000,    825.70816
   197.00000,    825.81541
   198.00000,    825.92122
   199.00000,    826.02561
   200.00000,    826.12857
   201.00000,    826.23010
   202.00000,    826.33021
   203.00000,    826.42889
   204.00000,    826.52615
   205.00000,    826.62198
   206.00000,    826.71640
   207.00000,    826.80940
   208.00000,    826.90099
   209.00000,    826.99116
   210.00000,    827.07991
   211.00000,    827.16725
   212.00000,    827.25319
   213.00000,    827.33771
   214.00000,    827.42083
   215.00000,    827.50254
   216.00000,    827.58285
   217.00000,    827.66176
   218.00000,    827.73926
   219.00000,    827.81537
   220.00000,    827.89007
   221.00000,    827.96338
   222.00000,    828.03530
   223.00000,    828.10582
   224.00000,    828.17496
   225.00000,    828.24270
   226.00000,    828.30905
   227.00000,    828.37401
   228.00000,    828.43759
   229.00000,    828.49979
   230.00000,    828.56060
   231.00000,    828.62004
   232.00000,    828.67809
   233.00000,    828.73477
   234.00000,    828.79007
   235.00000,    828.84399
   236.00000,    828.89654
   237.00000,    828.94772
   238.00000,    828.99753
   239.00000,    829.04598
   240.00000,    829.09305
   241.00000,    829.13876
   242.00000,    829.18311
   243.00000,    829.22609
   244.00000,    829.26771
   245.00000,    829.30798
   246.00000,    829.34688
   247.00000,    829.38443
   248.00000,    829.42063
   249.00000,    829.45547
   250.00000,    829.48896
   251.00000,    829.52110
   252.00000,    829.55189
   253.00000,    829.58134
   254.00000,    829.60944
   255.00000,    829.63620
   256.00000,    829.66161
   257.00000,    829.68569
   258.00000,    829.70842
   259.00000,    829.72982
   260.00000,    829.74988
   261.00000,    829.76861
   262.00000,    829.78600
   263.00000,    829.80207
   264.00000,    829.81680
   265.00000,    829.83021
   266.00000,    829.84228
   267.00000,    829.85304
   268.00000,    829.86247
   269.00000,    829.87057
   270.00000,    829.87736
   271.00000,    829.88283
   272.00000,    829.88698
   273.00000,    829.88982
   274.00000,    829.89134
   275.00000,    829.89155
   276.00000,    829.89044
   277.00000,    829.88803
   278.00000,    829.88431
   279.00000,    829.87928
   280.00000,    829.87295
   281.00000,    829.86531
   282.00000,    829.85637
   283.00000,    829.84614
   284.00000,    829.83460
   285.00000,    829.82177
   286.00000,    829.80764
   287.00000,    829.79221
   288.00000,    829.77549
   289.00000,    829.75749
   290.00000,    829.73819
   291.00000,    829.71760
   292.00000,    829.69573
   293.00000,    829.67257
   294.00000,    829.64813
   295.00000,    829.62241
   296.00000,    829.59541
   297.00000,    829.56713
   298.00000,    829.53757
   299.00000,    829.50674
   300.00000,    829.47463
   301.00000,    829.44125
   302.00000,    829.40660
   303.00000,    829.37068
   304.00000,    829.33349
   305.00000,    829.29504
   306.00000,    829.25532
   307.00000,    829.21433
   308.00000,    829.17209
   309.00000,    829.12859
   310.00000,    829.08382
   311.00000,    829.03780
   312.00000,    828.99053
   313.00000,    828.94200
   314.00000,    828.89222
   315.00000,    828.84118
   316.00000,    828.78890
   317.00000,    828.73537
   318.00000,    828.68060
   319.00000,    828.62457
   320.00000,    828.56731
   321.00000,    828.50881
   322.00000,    828.44906
   323.00000,    828.38808
   324.00000,    828.32586
   325.00000,    828.26240
   326.00000,    828.19771
   327.00000,    828.13179
   328.00000,    828.06464
   329.00000,    827.99625
   330.00000,    827.92664
   331.00000,    827.85581
   332.00000,    827.78375
   333.00000,    827.71046
   334.00000,    827.63596
   335.00000,    827.56024
   336.00000,    827.48329
   337.00000,    827.40513
   338.00000,    827.32576
   339.00000,    827.24517
   340.00000,    827.16337
   341.00000,    827.08036
   342.00000,    826.99614
   343.00000,    826.91071
   344.00000,    826.82408
   345.00000,    826.73624
   346.00000,    826.64720
   347.00000,    826.55695
   348.00000,    826.46551
   349.00000,    826.37287
   350.00000,    826.27903
   351.00000,    826.18400
   352.00000,    826.08778
   353.00000,    825.99036
   354.00000,    825.89175
   355.00000,    825.79195
   356.00000,    825.69097
   357.00000,    825.58880
   358.00000,    825.48544
   359.00000,    825.38091
   360.00000,    825.27519
   361.00000,    825.16829
   362.00000,    825.06021
   363.00000,    824.95096
   364.00000,    824.84053
   365.00000,    824.72893
   366.00000,    824.61616
   367.00000,    824.50221
   368.00000,    824.38710
   369.00000,    824.27082
   370.00000,    824.15338
   371.00000,    824.03477
   372.00000,    823.91499
   373.00000,    823.79406
   374.00000,    823.67197
   375.00000,    823.54872
   376.00000,    823.42431
   377.00000,    823.29875
   378.00000,    823.17203
   379.00000,    823.04416
   380.00000,    822.91515
   381.00000,    822.78498
   382.00000,    822.65367
   383.00000,    822.52121
   384.00000,    822.38760
   385.00000,    822.25286
   386.00000,    822.11697
   387.00000,    821.97995
   388.00000,    821.84178
   389.00000,    821.70248
   390.00000,    821.56205
   391.00000,    821.42048
   392.00000,    821.27778
   393.00000,    821.13395
   394.00000,    820.98899
   395.00000,    820.84291
   396.00000,    820.69569
   397.00000,    820.54736
   398.00000,    820.39790
   399.00000,    820.24732
   400.00000,    820.09563
   401.00000,    819.94281
   402.00000,    819.78888
   403.00000,    819.63383
   404.00000,    819.47768
   405.00000,    819.32040
   406.00000,    819.16202
   407.00000,    819.00253
   408.00000,    818.84194
   409.00000,    818.68024
   410.00000,    818.51743
   411.00000,    818.35352
   412.00000,    818.18852
   413.00000,    818.02241
   414.00000,    817.85520
   415.00000,    817.68690
   416.00000,    817.51751
   417.00000,    817.34702
   418.00000,    817.17544
   419.00000,    817.00277
   420.00000,    816.82901
   421.00000,    816.65417
   422.00000,    816.47824
   423.00000,    816.30122
   424.00000,    816.12313
   425.00000,    815.94395
   426.00000,    815.76369
   427.00000,    815.58236
   428.00000,    815.39995
   429.00000,    815.21647
   430.00000,    815.03191
   431.00000,    814.84628
   432.00000,    814.65959
   433.00000,    814.47182
   434.00000,    814.28299
   435.00000,    814.09309
   436.00000,    813.90213
   437.00000,    813.71010
   438.00000,    813.51702
   439.00000,    813.32288
   440.00000,    813.12768
   441.00000,    812.93142
   442.00000,    812.73411
   443.00000,    812.53575
   444.00000,    812.33634
   445.00000,    812.13587
   446.00000,    811.93436
   447.00000,    811.73180
   448.00000,    811.52820
   449.00000,    811.32355
   450.00000,    811.11786
   451.00000,    810.91113
   452.00000,    810.70337
   453.00000,    810.49456
   454.00000,    810.28472
   455.00000,    810.07385
   456.00000,    809.86194
   457.00000,    809.64900
   458.00000,    809.43503
   459.00000,    809.22003
   460.00000,    809.00401
   461.00000,    808.78696
   462.00000,    808.56889
   463.00000,    808.34980
   464.00000,    808.12969
   465.00000,    807.90856
   466.00000,    807.68641
   467.00000,    807.46324
   468.00000,    807.23907
   469.00000,    807.01387
   470.00000,    806.78767
   471.00000,    806.56046
   472.00000,    806.33224
   473.00000,    806.10302
   474.00000,    805.87279
   475.00000,    805.64155
   476.00000,    805.40932
   477.00000,    805.17608
   478.00000,    804.94185
   479.00000,    804.70662
   480.00000,    804.47039
   481.00000,    804.23317
   482.00000,    803.99496
   483.00000,    803.75576
   484.00000,    803.51556
   485.00000,    803.27438
   486.00000,    803.03222
   487.00000,    802.78907
   488.00000,    802.54493
   489.00000,    802.29981
   490.00000,    802.05372
   491.00000,    801.80664
   492.00000,    801.55859
   493.00000,    801.30957
   494.00000,    801.05957
   495.00000,    800.80859
   496.00000,    800.55665
   497.00000,    800.30374
   498.00000,    800.04986
   499.00000,    799.79501
   500.00000,    799.53920
   501.00000,    799.28243
   502.00000,    799.02469
   503.00000,    798.76600
   504.00000,    798.50634
   505.00000,    798.24573
   506.00000,    797.98417
   507.00000,    797.72165
   508.00000,    797.45818
   509.00000,    797.19375
   510.00000,    796.92838
   511.00000,    796.66206
   512.00000,    796.39480
   513.00000,    796.12659
   514.00000,    795.85744
   515.00000,    795.58735
   516.00000,    795.31631
   517.00000,    795.04434
   518.00000,    794.77144
   519.00000,    794.49759
   520.00000,    794.22282
   521.00000,    793.94711
   522.00000,    793.67047
   523.00000,    793.39290
   524.00000,    793.11441
   525.00000,    792.83499
   526.00000,    792.55464
   527.00000,    792.27337
   528.00000,    791.99118
   529.00000,    791.70807
   530.00000,    791.42405
   531.00000,    791.13910
   532.00000,    790.85325
   533.00000,    790.56647
   534.00000,    790.27879
   535.00000,    789.99020
   536.00000,    789.70069
   537.00000,    789.41028
   538.00000,    789.11897
   539.00000,    788.82675
   540.00000,    788.53362
   541.00000,    788.23960
   542.00000,    787.94468
   543.00000,    787.64885
   544.00000,    787.35214
   545.00000,    787.05452
   546.00000,    786.75602
   547.00000,    786.45662
   548.00000,    786.15633
   549.00000,    785.85516
   550.00000,    785.55309
   551.00000,    785.25014
   552.00000,    784.94631
   553.00000,    784.64159
   554.00000,    784.33600
   555.00000,    784.02952
   556.00000,    783.72217
   557.00000,    783.41393
   558.00000,    783.10483
   559.00000,    782.79485
   560.00000,    782.48400
   561.00000,    782.17228
   562.00000,    781.85969
   563.00000,    781.54624
   564.00000,    781.23191
   565.00000,    780.91673
   566.00000,    780.60068
   567.00000,    780.28377
   568.00000,    779.96600
   569.00000,    779.64738
   570.00000,    779.32790
   571.00000,    779.00756
   572.00000,    778.68637
   573.00000,    778.36433
   574.00000,    778.04144
   575.00000,    777.71770
   576.00000,    777.39311
   577.00000,    777.06768
   578.00000,    776.74141
   579.00000,    776.41429
   580.00000,    776.08633
   581.00000,    775.75753
   582.00000,    775.42790
   583.00000,    775.09743
   584.00000,    774.76612
   585.00000,    774.43398
   586.00000,    774.10101
   587.00000,    773.76721
   588.00000,    773.43258
   589.00000,    773.09713
   590.00000,    772.76085
   591.00000,    772.42374
   592.00000,    772.08582
   593.00000,    771.74707
   594.00000,    771.40750
   595.00000,    771.06712
   596.00000,    770.72592
   597.00000,    770.38391
   598.00000,    770.04108
   599.00000,    769.69744
   600.00000,    769.35299
   601.00000,    769.00774
   602.00000,    768.66167
   603.00000,    768.31481
   604.00000,    767.96714
   605.00000,    767.61866
   606.00000,    767.26939
   607.00000,    766.91932
   608.00000,    766.56845
   609.00000,    766.21678
   610.00000,    765.86432
   611.00000,    765.51107
   612.00000,    765.15702
   613.00000,    764.80219
   614.00000,    764.44657
   615.00000,    764.09016
   616.00000,    763.73296
   617.00000,    763.37499
   618.00000,    763.01623
   619.00000,    762.65669
   620.00000,    762.29637
   621.00000,    761.93528
   622.00000,    761.57341
   623.00000,    761.21076
   624.00000,    760.84734
   625.00000,    760.48315
   626.00000,    760.11819
   627.00000,    759.75247
   628.00000,    759.38598
   629.00000,    759.01872
   630.00000,    758.65070
   631.00000,    758.28191
   632.00000,    757.91237
   633.00000,    757.54207
   634.00000,    757.17101
   635.00000,    756.79920
   636.00000,    756.42663
   637.00000,    756.05331
   638.00000,    755.67924
   639.00000,    755.30441
   640.00000,    754.92884
   641.00000,    754.55253
   642.00000,    754.17547
   643.00000,    753.79767
   644.00000,    753.41912
   645.00000,    753.03984
   646.00000,    752.65981
   647.00000,    752.27905
   648.00000,    751.89755
   649.00000,    751.51532
   650.00000,    751.13236
   651.00000,    750.74867
   652.00000,    750.36425
   653.00000,    749.97909
   654.00000,    749.59322
   655.00000,    749.20662
   656.00000,    748.81929
   657.00000,    748.43125
   658.00000,    748.04248
   659.00000,    747.65300
   660.00000,    747.26280
   661.00000,    746.87188
   662.00000,    746.48025
   663.00000,    746.08791
   664.00000,    745.69485
   665.00000,    745.30109
   666.00000,    744.90662
   667.00000,    744.51144
   668.00000,    744.11556
   669.00000,    743.71898
   670.00000,    743.32169
   671.00000,    742.92371
   672.00000,    742.52502
   673.00000,    742.12564
   674.00000,    741.72557
   675.00000,    741.32480
   676.00000,    740.92334
   677.00000,    740.52119
   678.00000,    740.11835
   679.00000,    739.71482
   680.00000,    739.31060
   681.00000,    738.90570
   682.00000,    738.50012
   683.00000,    738.09386
   684.00000,    737.68692
   685.00000,    737.27930
   686.00000,    736.87100
   687.00000,    736.46203
   688.00000,    736.05238
   689.00000,    735.64206
   690.00000,    735.23107
   691.00000,    734.81942
   692.00000,    734.40709
   693.00000,    733.99410
   694.00000,    733.58044
   695.00000,    733.16613
   696.00000,    732.75115
   697.00000,    732.33551
   698.00000,    731.91921
   699.00000,    731.50226
   700.00000,    731.08465
   701.00000,    730.66639
   702.00000,    730.24748
   703.00000,    729.82791
   704.00000,    729.40770
   705.00000,    728.98684
   706.00000,    728.56533
   707.00000,    728.14318
   708.00000,    727.72039
   709.00000,    727.29696
   710.00000,    726.87288
   711.00000,    726.44817
   712.00000,    726.02282
   713.00000,    725.59684
   714.00000,    725.17023
   715.00000,    724.74298
   716.00000,    724.31510
   717.00000,    723.88659
   718.00000,    723.45746
   719.00000,    723.02770
   720.00000,    722.59732
   721.00000,    722.16631
   722.00000,    721.73469
   723.00000,    721.30244
   724.00000,    720.86958
   725.00000,    720.43610
   726.00000,    720.00200
   727.00000,    719.56729
   728.00000,    719.13197
   729.00000,    718.69604
   730.00000,    718.25950
   731.00000,    717.82236
   732.00000,    717.38461
   733.00000,    716.94625
   734.00000,    716.50729
   735.00000,    716.06774
   736.00000,    715.62758
   737.00000,    715.18682
   738.00000,    714.74547
   739.00000,    714.30353
   740.00000,    713.86099
   741.00000,    713.41786
   742.00000,    712.97414
   743.00000,    712.52983
   744.00000,    712.08493
   745.00000,    711.63945
   746.00000,    711.19338
   747.00000,    710.74674
   748.00000,    710.29951
   749.00000,    709.85170
   750.00000,    709.40332
   751.00000,    708.95436
   752.00000,    708.50482
   753.00000,    708.05471
   754.00000,    707.60403
   755.00000,    707.15278
   756.00000,    706.70096
   757.00000,    706.24858
   758.00000,    705.79563
   759.00000,    705.34212
   760.00000,    704.88804
   761.00000,    704.43340
   762.00000,    703.97821
   763.00000,    703.52245
   764.00000,    703.06614
   765.00000,    702.60928
   766.00000,    702.15187
   767.00000,    701.69390
   768.00000,    701.23538
   769.00000,    700.77631
   770.00000,    700.31670
   771.00000,    699.85655
   772.00000,    699.39584
   773.00000,    698.93460
   774.00000,    698.47282
   775.00000,    698.01050
   776.00000,    697.54764
   777.00000,    697.08424
   778.00000,    696.62031
   779.00000,    696.15585
   780.00000,    695.69085
   781.00000,    695.22533
   782.00000,    694.75928
   783.00000,    694.29270
   784.00000,    693.82560
   785.00000,    693.35797
   786.00000,    692.88982
   787.00000,    692.42116
   788.00000,    691.95197
   789.00000,    691.48226
   790.00000,    691.01204
   791.00000,    690.54131
   792.00000,    690.07006
   793.00000,    689.59830
   794.00000,    689.12603
   795.00000,    688.65326
   796.00000,    688.17998
   797.00000,    687.70619
   798.00000,    687.23190
   799.00000,    686.75711
   800.00000,    686.28181
   801.00000,    685.80602
   802.00000,    685.32974
   803.00000,    684.85295
   804.00000,    684.37567
   805.00000,    683.89790
   806.00000,    683.41964
   807.00000,    682.94089
   808.00000,    682.46165
   809.00000,    681.98193
   810.00000,    681.50172
   811.00000,    681.02103
   812.00000,    680.53985
   813.00000,    680.05820
   814.00000,    679.57606
   815.00000,    679.09345
   816.00000,    678.61037
   817.00000,    678.12681
   818.00000,    677.64278
   819.00000,    677.15827
   820.00000,    676.67330
   821.00000,    676.18786
   822.00000,    675.70195
   823.00000,    675.21558
   824.00000,    674.72875
   825.00000,    674.24146
   826.00000,    673.75370
   827.00000,    673.26549
   828.00000,    672.77682
   829.00000,    672.28769
   830.00000,    671.79811
   831.00000,    671.30808
   832.00000,    670.81760
   833.00000,    670.32666
   834.00000,    669.83528
   835.00000,    669.34346
   836.00000,    668.85119
   837.00000,    668.35848
   838.00000,    667.86532
   839.00000,    667.37173
   840.00000,    666.87769
   841.00000,    666.38322
   842.00000,    665.88832
   843.00000,    665.39298
   844.00000,    664.89721
   845.00000,    664.40101
   846.00000,    663.90438
   847.00000,    663.40732
   848.00000,    662.90984
   849.00000,    662.41193
   850.00000,    661.91360
   851.00000,    661.41485
   852.00000,    660.91568
   853.00000,    660.41609
   854.00000,    659.91608
   855.00000,    659.41566
   856.00000,    658.91482
   857.00000,    658.41357
   858.00000,    657.91192
   859.00000,    657.40985
   860.00000,    656.90738
   861.00000,    656.40450
   862.00000,    655.90121
   863.00000,    655.39752
   864.00000,    654.89344
   865.00000,    654.38895
   866.00000,    653.88406
   867.00000,    653.37878
   868.00000,    652.87310
   869.00000,    652.36703
   870.00000,    651.86057
   871.00000,    651.35372
   872.00000,    650.84647
   873.00000,    650.33884
   874.00000,    649.83083
   875.00000,    649.32243
   876.00000,    648.81365
   877.00000,    648.30449
   878.00000,    647.79494
   879.00000,    647.28502
   880.00000,    646.77473
   881.00000,    646.26406
   882.00000,    645.75301
   883.00000,    645.24159
   884.00000,    644.72981
   885.00000,    644.21765
   886.00000,    643.70513
   887.00000,    643.19224
   888.00000,    642.67899
   889.00000,    642.16537
   890.00000,    641.65140
   891.00000,    641.13706
   892.00000,    640.62237
   893.00000,    640.10732
   894.00000,    639.59192
   895.00000,    639.07616
   896.00000,    638.56005
   897.00000,    638.04359
   898.00000,    637.52678
   899.00000,    637.00963
   900.00000,    636.49213
   901.00000,    635.97428
   902.00000,    635.45610
   903.00000,    634.93757
   904.00000,    634.41870
   905.00000,    633.89950
   906.00000,    633.37996
   907.00000,    632.86008
   908.00000,    632.33988
   909.00000,    631.81934
   910.00000,    631.29847
   911.00000,    630.77727
   912.00000,    630.25574
   913.00000,    629.73389
   914.00000,    629.21172
   915.00000,    628.68922
   916.00000,    628.16641
   917.00000,    627.64327
   918.00000,    627.11982
   919.00000,    626.59605
   920.00000,    626.07196
   921.00000,    625.54756
   922.00000,    625.02286
   923.00000,    624.49784
   924.00000,    623.97251
   925.00000,    623.44688
   926.00000,    622.92094
   927.00000,    622.39469
   928.00000,    621.86815
   929.00000,    621.34130
   930.00000,    620.81416
   931.00000,    620.28672
   932.00000,    619.75898
   933.00000,    619.23095
   934.00000,    618.70262
   935.00000,    618.17401
   936.00000,    617.64510
   937.00000,    617.11590
   938.00000,    616.58642
   939.00000,    616.05666
   940.00000,    615.52661
   941.00000,    614.99628
   942.00000,    614.46566
   943.00000,    613.93477
   944.00000,    613.40360
   945.00000,    612.87216
   946.00000,    612.34044
   947.00000,    611.80845
   948.00000,    611.27619
   949.00000,    610.74366
   950.00000,    610.21085
   951.00000,    609.67779
   952.00000,    609.14446
   953.00000,    608.61086
   954.00000,    608.07700
   955.00000,    607.54289
   956.00000,    607.00851
   957.00000,    606.47388
   958.00000,    605.93899
   959.00000,    605.40384
   960.00000,    604.86845
   961.00000,    604.33280
   962.00000,    603.79690
   963.00000,    603.26076
   964.00000,    602.72437
   965.00000,    602.18773
   966.00000,    601.65085
   967.00000,    601.11373
   968.00000,    600.57637
   969.00000,    600.03877
   970.00000,    599.50093
   971.00000,    598.96286
   972.00000,    598.42456
   973.00000,    597.88602
   974.00000,    597.34725
   975.00000,    596.80825
   976.00000,    596.26902
   977.00000,    595.72957
   978.00000,    595.18989
   979.00000,    594.64999
   980.00000,    594.10986
   981.00000,    593.56952
   982.00000,    593.02896
   983.00000,    592.48818
   984.00000,    591.94718
   985.00000,    591.40598
   986.00000,    590.86456
   987.00000,    590.32292
   988.00000,    589.78108
   989.00000,    589.23904
   990.00000,    588.69678
   991.00000,    588.15432
   992.00000,    587.61166
   993.00000,    587.06880
   994.00000,    586.52573
   995.00000,    585.98247
   996.00000,    585.43901
   997.00000,    584.89536
   998.00000,    584.35151
   999.00000,    583.80747
  1000.00000,    583.26323
  1001.00000,    582.71881
  1002.00000,    582.17421
  1003.00000,    581.62941
  1004.00000,    581.08443
  1005.00000,    580.53927
  1006.00000,    579.99393
  1007.00000,    579.44841
  1008.00000,    578.90270
  1009.00000,    578.35683
  1010.00000,    577.81077
  1011.00000,    577.26455
  1012.00000,    576.71815
  1013.00000,    576.17158
  1014.00000,    575.62484
  1015.00000,    575.07793
  1016.00000,    574.53086
  1017.00000,    573.98362
  1018.00000,    573.43623
  1019.00000,    572.88866
  1020.00000,    572.34094
  1021.00000,    571.79307
  1022.00000,    571.24503
  1023.00000,    570.69684
  1024.00000,    570.14850
  1025.00000,    569.60000
  1026.00000,    569.05135
  1027.00000,    568.50256
  1028.00000,    567.95362
  1029.00000,    567.40453
  1030.00000,    566.85529
  1031.00000,    566.30592
  1032.00000,    565.75640
  1033.00000,    565.20675
  1034.00000,    564.65695
  1035.00000,    564.10702
  1036.00000,    563.55695
  1037.00000,    563.00676
  1038.00000,    562.45642
  1039.00000,    561.90596
  1040.00000,    561.35537
  1041.00000,    560.80465
  1042.00000,    560.25381
  1043.00000,    559.70284
  1044.00000,    559.15175
  1045.00000,    558.60054
  1046.00000,    558.04921
  1047.00000,    557.49776
  1048.00000,    556.94620
  1049.00000,    556.39452
  1050.00000,    555.84272
  1051.00000,    555.29082
  1052.00000,    554.73880
  1053.00000,    554.18668
  1054.00000,    553.63445
  1055.00000,    553.08211
  1056.00000,    552.52967
  1057.00000,    551.97713
  1058.00000,    551.42448
  1059.00000,    550.87174
  1060.00000,    550.31890
  1061.00000,    549.76596
  1062.00000,    549.21293
  1063.00000,    548.65980
  1064.00000,    548.10659
  1065.00000,    547.55328
  1066.00000,    546.99988
  1067.00000,    546.44640
  1068.00000,    545.89283
  1069.00000,    545.33918
  1070.00000,    544.78544
  1071.00000,    544.23163
  1072.00000,    543.67773
  1073.00000,    543.12376
  1074.00000,    542.56971
  1075.00000,    542.01559
  1076.00000,    541.46139
  1077.00000,    540.90713
  1078.00000,    540.35279
  1079.00000,    539.79838
  1080.00000,    539.24391
  1081.00000,    538.68937
  1082.00000,    538.13477
  1083.00000,    537.58010
  1084.00000,    537.02538
  1085.00000,    536.47059
  1086.00000,    535.91575
  1087.00000,    535.36085
  1088.00000,    534.80590
  1089.00000,    534.25089
  1090.00000,    533.69584
  1091.00000,    533.14073
  1092.00000,    532.58557
  1093.00000,    532.03037
  1094.00000,    531.47512
  1095.00000,    530.91983
  1096.00000,    530.36450
  1097.00000,    529.80913
  1098.00000,    529.25371
  1099.00000,    528.69826
  1100.00000,    528.14278
  1101.00000,    527.58726
  1102.00000,    527.03170
  1103.00000,    526.47612
  1104.00000,    525.92050
  1105.00000,    525.36486
  1106.00000,    524.80919
  1107.00000,    524.25350
  1108.00000,    523.69778
  1109.00000,    523.14204
  1110.00000,    522.58628
  1111.00000,    522.03050
  1112.00000,    521.47470
  1113.00000,    520.91889
  1114.00000,    520.36307
  1115.00000,    519.80723
  1116.00000,    519.25137
  1117.00000,    518.69551
  1118.00000,    518.13965
  1119.00000,    517.58377
  1120.00000,    517.02789
  1121.00000,    516.47201
  1122.00000,    515.91612
  1123.00000,    515.36024
  1124.00000,    514.80435
  1125.00000,    514.24847
  1126.00000,    513.69259
  1127.00000,    513.13672
  1128.00000,    512.58086
  1129.00000,    512.02500
  1130.00000,    511.46916
  1131.00000,    510.91333
  1132.00000,    510.35751
  1133.00000,    509.80170
  1134.00000,    509.24592
  1135.00000,    508.69015
  1136.00000,    508.13440
  1137.00000,    507.57867
  1138.00000,    507.02296
  1139.00000,    506.46728
  1140.00000,    505.91163
  1141.00000,    505.35600
  1142.00000,    504.80040
  1143.00000,    504.24484
  1144.00000,    503.68930
  1145.00000,    503.13380
  1146.00000,    502.57833
  1147.00000,    502.02290
  1148.00000,    501.46751
  1149.00000,    500.91216
  1150.00000,    500.35685
  1151.00000,    499.80158
  1152.00000,    499.24636
  1153.00000,    498.69119
  1154.00000,    498.13606
  1155.00000,    497.58098
  1156.00000,    497.02595
  1157.00000,    496.47097
  1158.00000,    495.91605
  1159.00000,    495.36118
  1160.00000,    494.80637
  1161.00000,    494.25162
  1162.00000,    493.69693
  1163.00000,    493.14230
  1164.00000,    492.58773
  1165.00000,    492.03323
  1166.00000,    491.47879
  1167.00000,    490.92442
  1168.00000,    490.37012
  1169.00000,    489.81590
  1170.00000,    489.26174
  1171.00000,    488.70766
  1172.00000,    488.15365
  1173.00000,    487.59972
  1174.00000,    487.04587
  1175.00000,    486.49210
  1176.00000,    485.93841
  1177.00000,    485.38481
  1178.00000,    484.83128
  1179.00000,    484.27785
  1180.00000,    483.72450
  1181.00000,    483.17124
  1182.00000,    482.61808
  1183.00000,    482.06500
  1184.00000,    481.51202
  1185.00000,    480.95914
  1186.00000,    480.40635
  1187.00000,    479.85366
  1188.00000,    479.30108
  1189.00000,    478.74859
  1190.00000,    478.19621
  1191.00000,    477.64393
  1192.00000,    477.09176
  1193.00000,    476.53969
  1194.00000,    475.98774
  1195.00000,    475.43590
  1196.00000,    474.88416
  1197.00000,    474.33255
  1198.00000,    473.78105
  1199.00000,    473.22966
  1200.00000,    472.67840
  1201.00000,    472.12726
  1202.00000,    471.57623
  1203.00000,    471.02533
  1204.00000,    470.47456
  1205.00000,    469.92391
  1206.00000,    469.37339
  1207.00000,    468.82301
  1208.00000,    468.27275
  1209.00000,    467.72262
  1210.00000,    467.17263
  1211.00000,    466.62278
  1212.00000,    466.07306
  1213.00000,    465.52348
  1214.00000,    464.97404
  1215.00000,    464.42474
  1216.00000,    463.87559
  1217.00000,    463.32658
  1218.00000,    462.77772
  1219.00000,    462.22901
  1220.00000,    461.68045
  1221.00000,    461.13203
  1222.00000,    460.58378
  1223.00000,    460.03567
  1224.00000,    459.48772
  1225.00000,    458.93993
  1226.00000,    458.39230
  1227.00000,    457.84483
  1228.00000,    457.29752
  1229.00000,    456.75037
  1230.00000,    456.20339
  1231.00000,    455.65658
  1232.00000,    455.10994
  1233.00000,    454.56346
  1234.00000,    454.01716
  1235.00000,    453.47103
  1236.00000,    452.92507
  1237.00000,    452.37929
  1238.00000,    451.83369
  1239.00000,    451.28827
  1240.00000,    450.74302
  1241.00000,    450.19796
  1242.00000,    449.65309
  1243.00000,    449.10840
  1244.00000,    448.56389
  1245.00000,    448.01958
  1246.00000,    447.47545
  1247.00000,    446.93152
  1248.00000,    446.38778
  1249.00000,    445.84423
  1250.00000,    445.30088
  1251.00000,    444.75773
  1252.00000,    444.21477
  1253.00000,    443.67202
  1254.00000,    443.12947
  1255.00000,    442.58713
  1256.00000,    442.04499
  1257.00000,    441.50305
  1258.00000,    440.96133
  1259.00000,    440.41981
  1260.00000,    439.87851
  1261.00000,    439.33742
  1262.00000,    438.79655
  1263.00000,    438.25589
  1264.00000,    437.71545
  1265.00000,    437.17523
  1266.00000,    436.63523
  1267.00000,    436.09545
  1268.00000,    435.55589
  1269.00000,    435.01657
  1270.00000,    434.47747
  1271.00000,    433.93859
  1272.00000,    433.39995
  1273.00000,    432.86154
  1274.00000,    432.32336
  1275.00000,    431.78542
  1276.00000,    431.24772
  1277.00000,    430.71025
  1278.00000,    430.17302
  1279.00000,    429.63604
  1280.00000,    429.09929
  1281.00000,    428.56279
  1282.00000,    428.02654
  1283.00000,    427.49053
  1284.00000,    426.95477
  1285.00000,    426.41926
  1286.00000,    425.88401
  1287.00000,    425.34901
  1288.00000,    424.81426
  1289.00000,    424.27977
  1290.00000,    423.74553
  1291.00000,    423.21156
  1292.00000,    422.67785
  1293.00000,    422.14440
  1294.00000,    421.61122
  1295.00000,    421.07830
  1296.00000,    420.54565
  1297.00000,    420.01326
  1298.00000,    419.48115
  1299.00000,    418.94931
  1300.00000,    418.41774
  1301.00000,    417.88645
  1302.00000,    417.35544
  1303.00000,    416.82470
  1304.00000,    416.29425
  1305.00000,    415.76407
  1306.00000,    415.23418
  1307.00000,    414.70457
  1308.00000,    414.17525
  1309.00000,    413.64621
  1310.00000,    413.11747
  1311.00000,    412.58901
  1312.00000,    412.06085
  1313.00000,    411.53298
  1314.00000,    411.00541
  1315.00000,    410.47813
  1316.00000,    409.95115
  1317.00000,    409.42447
  1318.00000,    408.89810
  1319.00000,    408.37202
  1320.00000,    407.84625
  1321.00000,    407.32079
  1322.00000,    406.79563
  1323.00000,    406.27079
  1324.00000,    405.74625
  1325.00000,    405.22203
  1326.00000,    404.69812
  1327.00000,    404.17452
  1328.00000,    403.65124
  1329.00000,    403.12829
  1330.00000,    402.60565
  1331.00000,    402.08333
  1332.00000,    401.56133
  1333.00000,    401.03966
  1334.00000,    400.51832
  1335.00000,    399.99731
  1336.00000,    399.47662
  1337.00000,    398.95626
  1338.00000,    398.43624
  1339.00000,    397.91655
  1340.00000,    397.39720
  1341.00000,    396.87818
  1342.00000,    396.35950
  1343.00000,    395.84116
  1344.00000,    395.32317
  1345.00000,    394.80551
  1346.00000,    394.28821
  1347.00000,    393.77124
  1348.00000,    393.25463
  1349.00000,    392.73837
  1350.00000,    392.22245
  1351.00000,    391.70689
  1352.00000,    391.19168
  1353.00000,    390.67683
  1354.00000,    390.16234
  1355.00000,    389.64820
  1356.00000,    389.13443
  1357.00000,    388.62101
  1358.00000,    388.10796
  1359.00000,    387.59528
  1360.00000,    387.08296
  1361.00000,    386.57101
  1362.00000,    386.05943
  1363.00000,    385.54822
  1364.00000,    385.03738
  1365.00000,    384.52691
  1366.00000,    384.01683
  1367.00000,    383.50712
  1368.00000,    382.99778
  1369.00000,    382.48883
  1370.00000,    381.98026
  1371.00000,    381.47208
  1372.00000,    380.96428
  1373.00000,    380.45686
  1374.00000,    379.94984
  1375.00000,    379.44320
  1376.00000,    378.93695
  1377.00000,    378.43110
  1378.00000,    377.92564
  1379.00000,    377.42058
  1380.00000,    376.91592
  1381.00000,    376.41165
  1382.00000,    375.90779
  1383.00000,    375.40432
  1384.00000,    374.90126
  1385.00000,    374.39861
  1386.00000,    373.89636
  1387.00000,    373.39452
  1388.00000,    372.89309
  1389.00000,    372.39207
  1390.00000,    371.89146
  1391.00000,    371.39127
  1392.00000,    370.89150
  1393.00000,    370.39214
  1394.00000,    369.89320
  1395.00000,    369.39468
  1396.00000,    368.89659
  1397.00000,    368.39891
  1398.00000,    367.90167
  1399.00000,    367.40485
  1400.00000,    366.90845
  1401.00000,    366.41249
  1402.00000,    365.91696
  1403.00000,    365.42186
  1404.00000,    364.92720
  1405.00000,    364.43297
  1406.00000,    363.93919
  1407.00000,    363.44584
  1408.00000,    362.95293
  1409.00000,    362.46046
  1410.00000,    361.96844
  1411.00000,    361.47686
  1412.00000,    360.98573
  1413.00000,    360.49504
  1414.00000,    360.00481
  1415.00000,    359.51503
  1416.00000,    359.02570
  1417.00000,    358.53683
  1418.00000,    358.04841
  1419.00000,    357.56045
  1420.00000,    357.07295
  1421.00000,    356.58591
  1422.00000,    356.09934
  1423.00000,    355.61322
  1424.00000,    355.12758
  1425.00000,    354.64240
  1426.00000,    354.15769
  1427.00000,    353.67344
  1428.00000,    353.18967
  1429.00000,    352.70638
  1430.00000,    352.22356
  1431.00000,    351.74121
  1432.00000,    351.25934
  1433.00000,    350.77796
  1434.00000,    350.29705
  1435.00000,    349.81662
  1436.00000,    349.33668
  1437.00000,    348.85723
  1438.00000,    348.37826
  1439.00000,    347.89978
  1440.00000,    347.42179
  1441.00000,    346.94430
  1442.00000,    346.46729
  1443.00000,    345.99078
  1444.00000,    345.51477
  1445.00000,    345.03926
  1446.00000,    344.56424
  1447.00000,    344.08973
  1448.00000,    343.61572
  1449.00000,    343.14221
  1450.00000,    342.66921
  1451.00000,    342.19672
  1452.00000,    341.72473
  1453.00000,    341.25326
  1454.00000,    340.78229
  1455.00000,    340.31185
  1456.00000,    339.84191
  1457.00000,    339.37249
  1458.00000,    338.90359
  1459.00000,    338.43521
  1460.00000,    337.96736
  1461.00000,    337.50002
  1462.00000,    337.03321
  1463.00000,    336.56692
  1464.00000,    336.10116
  1465.00000,    335.63594
  1466.00000,    335.17124
  1467.00000,    334.70707
  1468.00000,    334.24344
  1469.00000,    333.78034
  1470.00000,    333.31778
  1471.00000,    332.85575
  1472.00000,    332.39427
  1473.00000,    331.93333
  1474.00000,    331.47293
  1475.00000,    331.01308
  1476.00000,    330.55377
  1477.00000,    330.09501
  1478.00000,    329.63679
  1479.00000,    329.17913
  1480.00000,    328.72202
  1481.00000,    328.26547
  1482.00000,    327.80947
  1483.00000,    327.35402
  1484.00000,    326.89914
  1485.00000,    326.44481
  1486.00000,    325.99105
  1487.00000,    325.53785
  1488.00000,    325.08521
  1489.00000,    324.63314
  1490.00000,    324.18164
  1491.00000,    323.73071
  1492.00000,    323.28034
  1493.00000,    322.83055
  1494.00000,    322.38134
  1495.00000,    321.93269
  1496.00000,    321.48463
  1497.00000,    321.03714
  1498.00000,    320.59024
  1499.00000,    320.14391
  1500.00000,    319.69817
  1501.00000,    319.25302
  1502.00000,    318.80845
  1503.00000,    318.36446
  1504.00000,    317.92107
  1505.00000,    317.47827
  1506.00000,    317.03606
  1507.00000,    316.59444
  1508.00000,    316.15342
  1509.00000,    315.71300
  1510.00000,    315.27318
  1511.00000,    314.83395
  1512.00000,    314.39533
  1513.00000,    313.95731
  1514.00000,    313.51989
  1515.00000,    313.08308
  1516.00000,    312.64688
  1517.00000,    312.21129
  1518.00000,    311.77631
  1519.00000,    311.34194
  1520.00000,    310.90819
  1521.00000,    310.47505
  1522.00000,    310.04253
  1523.00000,    309.61063
  1524.00000,    309.17935
  1525.00000,    308.74869
  1526.00000,    308.31865
  1527.00000,    307.88924
  1528.00000,    307.46045
  1529.00000,    307.03230
  1530.00000,    306.60477
  1531.00000,    306.17787
  1532.00000,    305.75161
  1533.00000,    305.32598
  1534.00000,    304.90098
  1535.00000,    304.47663
  1536.00000,    304.05291
  1537.00000,    303.62983
  1538.00000,    303.20740
  1539.00000,    302.78560
  1540.00000,    302.36446
  1541.00000,    301.94396
  1542.00000,    301.52410
  1543.00000,    301.10490
  1544.00000,    300.68635
  1545.00000,    300.26845
  1546.00000,    299.85120
  1547.00000,    299.43462
  1548.00000,    299.01868
  1549.00000,    298.60341
  1550.00000,    298.18880
  1551.00000,    297.77485
  1552.00000,    297.36156
  1553.00000,    296.94894
  1554.00000,    296.53699
  1555.00000,    296.12570
  1556.00000,    295.71509
  1557.00000,    295.30514
  1558.00000,    294.89587
  1559.00000,    294.48727
  1560.00000,    294.07935
  1561.00000,    293.67210
  1562.00000,    293.26554
  1563.00000,    292.85965
  1564.00000,    292.45445
  1565.00000,    292.04993
  1566.00000,    291.64610
  1567.00000,    291.24295
  1568.00000,    290.84050
  1569.00000,    290.43873
  1570.00000,    290.03765
  1571.00000,    289.63727
  1572.00000,    289.23758
  1573.00000,    288.83858
  1574.00000,    288.44029
  1575.00000,    288.04269
  1576.00000,    287.64580
  1577.00000,    287.24960
  1578.00000,    286.85411
  1579.00000,    286.45933
  1580.00000,    286.06525
  1581.00000,    285.67188
  1582.00000,    285.27922
  1583.00000,    284.88728
  1584.00000,    284.49604
  1585.00000,    284.10552
  1586.00000,    283.71572
  1587.00000,    283.32663
  1588.00000,    282.93827
  1589.00000,    282.55062
  1590.00000,    282.16370
  1591.00000,    281.77750
  1592.00000,    281.39203
  1593.00000,    281.00728
  1594.00000,    280.62326
  1595.00000,    280.23998
  1596.00000,    279.85742
  1597.00000,    279.47560
  1598.00000,    279.09451
  1599.00000,    278.71416
  1600.00000,    278.33454
  1601.00000,    277.95567
  1602.00000,    277.57754
  1603.00000,    277.20015
  1604.00000,    276.82350
  1605.00000,    276.44760
  1606.00000,    276.07244
  1607.00000,    275.69804
  1608.00000,    275.32438
  1609.00000,    274.95148
  1610.00000,    274.57933
  1611.00000,    274.20794
  1612.00000,    273.83730
  1613.00000,    273.46742
  1614.00000,    273.09830
  1615.00000,    272.72994
  1616.00000,    272.36234
  1617.00000,    271.99551
  1618.00000,    271.62944
  1619.00000,    271.26414
  1620.00000,    270.89961
  1621.00000,    270.53585
  1622.00000,    270.17286
  1623.00000,    269.81064
  1624.00000,    269.44920
  1625.00000,    269.08854
  1626.00000,    268.72866
  1627.00000,    268.36955
  1628.00000,    268.01123
  1629.00000,    267.65368
  1630.00000,    267.29693
  1631.00000,    266.94095
  1632.00000,    266.58577
  1633.00000,    266.23137
  1634.00000,    265.87777
  1635.00000,    265.52496
  1636.00000,    265.17294
  1637.00000,    264.82171
  1638.00000,    264.47129
  1639.00000,    264.12166
  1640.00000,    263.77283
  1641.00000,    263.42480
  1642.00000,    263.07757
  1643.00000,    262.73115
  1644.00000,    262.38554
  1645.00000,    262.04073
  1646.00000,    261.69673
  1647.00000,    261.35355
  1648.00000,    261.01117
  1649.00000,    260.66961
  1650.00000,    260.32886
  1651.00000,    259.98893
  1652.00000,    259.64982
  1653.00000,    259.31153
  1654.00000,    258.97406
  1655.00000,    258.63741
  1656.00000,    258.30159
  1657.00000,    257.96660
  1658.00000,    257.63243
  1659.00000,    257.29909
  1660.00000,    256.96658
  1661.00000,    256.63490
  1662.00000,    256.30406
  1663.00000,    255.97405
  1664.00000,    255.64488
  1665.00000,    255.31655
  1666.00000,    254.98906
  1667.00000,    254.66241
  1668.00000,    254.33660
  1669.00000,    254.01164
  1670.00000,    253.68752
  1671.00000,    253.36426
  1672.00000,    253.04184
  1673.00000,    252.72027
  1674.00000,    252.39955
  1675.00000,    252.07969
  1676.00000,    251.76069
  1677.00000,    251.44254
  1678.00000,    251.12525
  1679.00000,    250.80882
  1680.00000,    250.49325
  1681.00000,    250.17854
  1682.00000,    249.86470
  1683.00000,    249.55173
  1684.00000,    249.23962
  1685.00000,    248.92838
  1686.00000,    248.61802
  1687.00000,    248.30852
  1688.00000,    247.99990
  1689.00000,    247.69216
  1690.00000,    247.38529
  1691.00000,    247.07930
  1692.00000,    246.77420
  1693.00000,    246.46997
  1694.00000,    246.16663
  1695.00000,    245.86417
  1696.00000,    245.56260
  1697.00000,    245.26192
  1698.00000,    244.96212
  1699.00000,    244.66322
  1700.00000,    244.36521
  1701.00000,    244.06809
  1702.00000,    243.77187
  1703.00000,    243.47655
  1704.00000,    243.18213
  1705.00000,    242.88860
  1706.00000,    242.59598
  1707.00000,    242.30427
  1708.00000,    242.01345
  1709.00000,    241.72355
  1710.00000,    241.43455
  1711.00000,    241.14646
  1712.00000,    240.85928
  1713.00000,    240.57302
  1714.00000,    240.28767
  1715.00000,    240.00323
  1716.00000,    239.71971
  1717.00000,    239.43712
  1718.00000,    239.15544
  1719.00000,    238.87468
  1720.00000,    238.59485
  1721.00000,    238.31594
  1722.00000,    238.03796
  1723.00000,    237.76091
  1724.00000,    237.48479
  1725.00000,    237.20960
  1726.00000,    236.93534
  1727.00000,    236.66202
  1728.00000,    236.38963
  1729.00000,    236.11818
  1730.00000,    235.84767
  1731.00000,    235.57810
  1732.00000,    235.30947
  1733.00000,    235.04179
  1734.00000,    234.77505
  1735.00000,    234.50926
  1736.00000,    234.24441
  1737.00000,    233.98052
  1738.00000,    233.71758
  1739.00000,    233.45559
  1740.00000,    233.19455
  1741.00000,    232.93447
  1742.00000,    232.67535
  1743.00000,    232.41719
  1744.00000,    232.15999
  1745.00000,    231.90375
  1746.00000,    231.64847
  1747.00000,    231.39416
  1748.00000,    231.14082
  1749.00000,    230.88845
  1750.00000,    230.63704
  1751.00000,    230.38661
  1752.00000,    230.13715
  1753.00000,    229.88867
  1754.00000,    229.64116
  1755.00000,    229.39463
  1756.00000,    229.14907
  1757.00000,    228.90450
  1758.00000,    228.66091
  1759.00000,    228.41831
  1760.00000,    228.17669
  1761.00000,    227.93606
  1762.00000,    227.69642
  1763.00000,    227.45776
  1764.00000,    227.22010
  1765.00000,    226.98343
  1766.00000,    226.74776
  1767.00000,    226.51308
  1768.00000,    226.27940
  1769.00000,    226.04672
  1770.00000,    225.81505
  1771.00000,    225.58437
  1772.00000,    225.35470
  1773.00000,    225.12603
  1774.00000,    224.89837
  1775.00000,    224.67172
  1776.00000,    224.44608
  1777.00000,    224.22145
  1778.00000,    223.99784
  1779.00000,    223.77524
  1780.00000,    223.55365
  1781.00000,    223.33309
  1782.00000,    223.11354
  1783.00000,    222.89501
  1784.00000,    222.67751
  1785.00000,    222.46103
  1786.00000,    222.24558
  1787.00000,    222.03116
  1788.00000,    221.81776
  1789.00000,    221.60539
  1790.00000,    221.39406
  1791.00000,    221.18376
  1792.00000,    220.97449
  1793.00000,    220.76626
  1794.00000,    220.55907
  1795.00000,    220.35292
  1796.00000,    220.14781
  1797.00000,    219.94374
  1798.00000,    219.74072
  1799.00000,    219.53874
  1800.00000,    219.33781
  1801.00000,    219.13793
  1802.00000,    218.93910
  1803.00000,    218.74133
  1804.00000,    218.54460
  1805.00000,    218.34893
  1806.00000,    218.15432
  1807.00000,    217.96076
  1808.00000,    217.76827
  1809.00000,    217.57684
  1810.00000,    217.38647
  1811.00000,    217.19716
  1812.00000,    217.00892
  1813.00000,    216.82175
  1814.00000,    216.63564
  1815.00000,    216.45061
  1816.00000,    216.26665
  1817.00000,    216.08376
  1818.00000,    215.90195
  1819.00000,    215.72122
  1820.00000,    215.54156
  1821.00000,    215.36298
  1822.00000,    215.18549
  1823.00000,    215.00908
  1824.00000,    214.83375
  1825.00000,    214.65951
  1826.00000,    214.48635
  1827.00000,    214.31429
  1828.00000,    214.14332
  1829.00000,    213.97343
  1830.00000,    213.80465
  1831.00000,    213.63695
  1832.00000,    213.47036
  1833.00000,    213.30486
  1834.00000,    213.14046
  1835.00000,    212.97717
  1836.00000,    212.81498
  1837.00000,    212.65389
  1838.00000,    212.49391
  1839.00000,    212.33504
  1840.00000,    212.17727
  1841.00000,    212.02062
  1842.00000,    211.86508
  1843.00000,    211.71065
  1844.00000,    211.55734
  1845.00000,    211.40514
  1846.00000,    211.25407
  1847.00000,    211.10411
  1848.00000,    210.95528
  1849.00000,    210.80757
  1850.00000,    210.66098
  1851.00000,    210.51552
  1852.00000,    210.37119
  1853.00000,    210.22799
  1854.00000,    210.08592
  1855.00000,    209.94498
  1856.00000,    209.80517
  1857.00000,    209.66650
  1858.00000,    209.52897
  1859.00000,    209.39258
  1860.00000,    209.25733
  1861.00000,    209.12322
  1862.00000,    208.99025
  1863.00000,    208.85843
  1864.00000,    208.72775
  1865.00000,    208.59822
  1866.00000,    208.46984
  1867.00000,    208.34261
  1868.00000,    208.21654
  1869.00000,    208.09162
  1870.00000,    207.96785
  1871.00000,    207.84525
  1872.00000,    207.72380
  1873.00000,    207.60351
  1874.00000,    207.48438
  1875.00000,    207.36642
  1876.00000,    207.24962
  1877.00000,    207.13399
  1878.00000,    207.01953
  1879.00000,    206.90623
  1880.00000,    206.79411
  1881.00000,    206.68316
  1882.00000,    206.57338
  1883.00000,    206.46478
  1884.00000,    206.35736
  1885.00000,    206.25112
  1886.00000,    206.14606
  1887.00000,    206.04218
  1888.00000,    205.93948
  1889.00000,    205.83797
  1890.00000,    205.73764
  1891.00000,    205.63851
  1892.00000,    205.54056
  1893.00000,    205.44380
  1894.00000,    205.34824
  1895.00000,    205.25387
  1896.00000,    205.16070
  1897.00000,    205.06872
  1898.00000,    204.97795
  1899.00000,    204.88837
  1900.00000,    204.80000
